sortie,somme_R2_1facteur
N_lixi,0.6302061490955458
dCorg,2.531943882299501
rdt,2.5638933978129703
